<?xml version='1.0' encoding='UTF-8'?>
<?artifactRepository version='1.1.0'?>
<repository name='file:/C:/Users/colin.fitzpatrick/Desktop/temp/SMB/samba-connector/target/update-site/ - artifacts' type='org.eclipse.equinox.p2.artifact.repository.simpleRepository' version='1'>
  <properties size='2'>
    <property name='p2.timestamp' value='1488293549655'/>
    <property name='p2.compressed' value='false'/>
  </properties>
  <mappings size='3'>
    <rule filter='(&amp; (classifier=osgi.bundle))' output='${repoUrl}/plugins/${id}_${version}.jar'/>
    <rule filter='(&amp; (classifier=binary))' output='${repoUrl}/binary/${id}_${version}'/>
    <rule filter='(&amp; (classifier=org.eclipse.update.feature))' output='${repoUrl}/features/${id}_${version}.jar'/>
  </mappings>
  <artifacts size='2'>
    <artifact classifier='osgi.bundle' id='org.mule.tooling.ui.contribution.smb.3.5.0' version='1.0.0.201702281452'>
      <properties size='3'>
        <property name='artifact.size' value='335165'/>
        <property name='download.size' value='335165'/>
        <property name='download.md5' value='9a5cc1c865ecfd4b518b6121115d4b0e'/>
      </properties>
    </artifact>
    <artifact classifier='org.eclipse.update.feature' id='org.mule.tooling.ui.extension.smb-connector.3.5.0' version='1.0.0.201702281452'>
      <properties size='4'>
        <property name='artifact.size' value='642'/>
        <property name='download.size' value='642'/>
        <property name='download.md5' value='ffefdefb1771d7f8730cdee7811ba7d1'/>
        <property name='download.contentType' value='application/zip'/>
      </properties>
    </artifact>
  </artifacts>
</repository>
